Workbook

Sheet README
A1: Integrated aggregate-exposure calculator for metals (water + diet + air)
A2: Implements Equations 1-9 of the revised manuscript (Section 4). Yellow cells are inputs; all other numbers are live formulas.
A3: Prefilled with the Honghu Lake illustration (Zhang et al. 2017; lake water + fish; no air). Replace with your own co-located data.
A5: Sheets
A6: Inputs - population exposure parameters (BW, water intake, EF, ED, lifetime, inhalation rate, route-to-route factor).
A7: TRV - toxicity reference values (verified Oct 2026). Check the live agency entry before publication.
A8: Water_Air - concentration in treated tap water (µg/L) and ambient PM10 (ng/m3) for each metal.
A9: Food - one row per metal x food group: concentration as eaten (µg/kg wet wt), intake (kg/d), species fraction S, relative bioavailability RBA.
A10: Results - route doses, HQs, aggregate HI, source shares, MOE, ILCR and context-specific water value per metal.
A12: Rules
A13: 1. All media must describe the same population, place and period.
A14: 2. Food concentrations must be wet weight as eaten: C_ww = C_dw x (1 - moisture).
... A23: برای سرب و آرسنیک معدنی به ستون MOE نگاه کنید؛ HI برای فلزات آستانه‌دار است. ستون سهم منابع (f) سهم واقعی آب/غذا/هوا را نشان می‌دهد.

Sheet Inputs
A1: Parameter | B1: Symbol | C1: Value | D1: Unit | E1: Note / source
A2: Body weight | B2: BW | C2: 61.6 | D2: kg | E2: Population-specific (Honghu: Zhang 2017). WHO default 60; EPA 80
A3: Drinking-water intake | B3: IRw | C3: 2 | D3: L/d | E3: WHO default 2 L/d
A4: Exposure frequency | B4: EF | C4: 365 | D4: d/y | E4: EPA residential 350
A5: Exposure duration | B5: ED | C5: 30 | D5: y | E5: EPA residential 26
A6: Averaging time, threshold effects | B6: AT_nc | C6: =C5*365 | D6: d | E6: ED x 365
A7: Lifetime | B7: LT | C7: 70 | D7: y | E7: EPA 70 y
A8: Averaging time, cancer | B8: AT_c | C8: =C7*365 | D8: d | E8: LT x 365
A9: Fraction of day exposed to ambient air | B9: ET | C9: 1 | D9: - | E9: 24 h / 24 h residential
A10: Inhalation rate (MOE only) | B10: InhR | C10: 20 | D10: m3/d | E10: Adult default
A11: Route-to-route factor F_inh/F_oral (MOE only) | B11: RR | C11: 2 | D11: - | E11: ECHA R.8 default
A12: Allocation floor | B12: P_min | C12: 0.2 | D12: - | E12: WHO/EPA
A13: Allocation ceiling | B13: P_max | C13: 0.8 | D13: - | E13: WHO/EPA

Sheet TRV
A1: Metal key | B1: RfD water (µg/kg/d) | C1: RfD food (µg/kg/d) | D1: RfC (µg/m3) | E1: Oral CSF (per µg/kg/d) | F1: IUR (per µg/m3) | G1: BMDL 1 (µg/kg/d) | H1: BMDL 1 end-point | I1: BMDL 2 (µg/kg/d) | J1: BMDL 2 end-point | K1: Target organ | L1: Source
A2: iAs | B2: 0.06 | C2: 0.06 | D2: 0.015 | E2: 0.032 | F2: 0.0043 | G2: 0.06 | H2: skin cancer BMDL05 (EFSA 2024) | K2: skin/vascular | L2: IRIS 2025 RfD 6e-5 mg/kg-d, CSF 32 per mg/kg-d (linear only <0.2 µg/kg/d); OEHHA REL; IRIS IUR
A3: Cd | B3: 0.5 | C3: 1 | D3: 0.01 | F3: 0.0018 | K3: kidney | L3: IRIS (water/food); ATSDR inhalation MRL; IRIS IUR
A4: CrVI | B4: 0.9 | C4: 0.9 | D4: 0.03 | E4: 0.00026 | F4: 0.018 | K4: GI tract | L4: IRIS 2024 (OSF lifetime with ADAFs)
A5: CrIII | B5: 1500 | C5: 1500 | K5: none | L5: IRIS
A6: Cu | B6: 40 | C6: 40 | K6: GI/liver | L6: HEAST (EFSA ADI 70)
A7: Pb | E7: 8.5e-06 | F7: 1.2e-05 | G7: 1.5 | H7: SBP BMDL01 (EFSA 2010) | I7: 0.63 | J7: CKD BMDL10 (EFSA 2010) | K7: kidney/CV/CNS | L7: No RfD; children: neurodevelopment BMDL01 0.50; OEHHA CSF/IUR
A8: MeHg | B8: 0.1 | C8: 0.1 | K8: nervous system | L8: IRIS 2001
A9: Ni | B9: 20 | C9: 20 | D9: 0.09 | K9: reproductive | L9: IRIS soluble salts; ATSDR inhalation MRL (EFSA TDI 13)

Sheet Water_Air
A1: Metal key | B1: C water (µg/L) | C1: C air PM10 (ng/m3) | D1: Note
A2: iAs | B2: 0.99 | D2: Honghu Lake water (assumed all inorganic)
A3: Cd | B3: 0.14
A4: CrVI | B4: 1.63 | D4: upper bound: all Cr as Cr(VI)
A5: CrIII | B5: 1.63 | D5: lower bound: all Cr as Cr(III)
A6: Cu | B6: 3.09
A7: Pb | B7: 3.42

Sheet Food
A1: Metal key | B1: Food group | C1: C as eaten (µg/kg ww) | D1: Intake IR (kg/d) | E1: Species fraction S | F1: RBA | G1: C·S·RBA·IR (µg/d)
A2: iAs | B2: fish muscle | C2: 1.3333 | D2: 0.0543 | E2: 1 | F2: 1 | G2: =IF(A2="","",C2*IF(E2="",1,E2)*IF(F2="",1,F2)*D2)
A3: Cd | B3: fish muscle | C3: 6.6222 | D3: 0.0543 | E3: 1 | F3: 1 | G3: =IF(A3="","",C3*IF(E3="",1,E3)*IF(F3="",1,F3)*D3)
A4: CrVI | B4: fish muscle | C4: 1012.9111 | D4: 0.0543 | E4: 1 | F4: 1 | G4: =IF(A4="","",C4*IF(E4="",1,E4)*IF(F4="",1,F4)*D4)
A5: CrIII | B5: fish muscle | C5: 1012.9111 | D5: 0.0543 | E5: 1 | F5: 1 | G5: =IF(A5="","",C5*IF(E5="",1,E5)*IF(F5="",1,F5)*D5)
A6: Cu | B6: fish muscle | C6: 879.2444 | D6: 0.0543 | E6: 1 | F6: 1 | G6: =IF(A6="","",C6*IF(E6="",1,E6)*IF(F6="",1,F6)*D6)
A7: Pb | B7: fish muscle | C7: 103.5667 | D7: 0.0543 | E7: 1 | F7: 1 | G7: =IF(A7="","",C7*IF(E7="",1,E7)*IF(F7="",1,F7)*D7)
G8: =IF(A8="","",C8*IF(E8="",1,E8)*IF(F8="",1,F8)*D8)
G9: =IF(A9="","",C9*IF(E9="",1,E9)*IF(F9="",1,F9)*D9)
G10: =IF(A10="","",C10*IF(E10="",1,E10)*IF(F10="",1,F10)*D10)
G11: =IF(A11="","",C11*IF(E11="",1,E11)*IF(F11="",1,F11)*D11)
G12: =IF(A12="","",C12*IF(E12="",1,E12)*IF(F12="",1,F12)*D12)
G13: =IF(A13="","",C13*IF(E13="",1,E13)*IF(F13="",1,F13)*D13)
G14: =IF(A14="","",C14*IF(E14="",1,E14)*IF(F14="",1,F14)*D14)
G15: =IF(A15="","",C15*IF(E15="",1,E15)*IF(F15="",1,F15)*D15)
G16: =IF(A16="","",C16*IF(E16="",1,E16)*IF(F16="",1,F16)*D16)
G17: =IF(A17="","",C17*IF(E17="",1,E17)*IF(F17="",1,F17)*D17)
G18: =IF(A18="","",C18*IF(E18="",1,E18)*IF(F18="",1,F18)*D18)
G19: =IF(A19="","",C19*IF(E19="",1,E19)*IF(F19="",1,F19)*D19)
... G201: =IF(A201="","",C201*IF(E201="",1,E201)*IF(F201="",1,F201)*D201)

Sheet Results
A1: Metal key | B1: D_w (µg/kg/d) | C1: D_f (µg/kg/d) | D1: EC_a (µg/m3) | E1: HQ water | F1: HQ food | G1: HQ air | H1: HI_agg | I1: share water | J1: share food | K1: share air | L1: D_a,eq (µg/kg/d) | M1: MOE (BMDL 1) | N1: MOE (BMDL 2) | O1: ILCR oral | P1: ILCR inhalation | Q1: ILCR total | R1: P_w (allocation) | S1: C*_w context water value (µg/L) | T1: Target organ
A2: =Water_Air!A2 | B2: =Water_Air!B2*Inputs!$C$3/Inputs!$C$2*(Inputs!$C$4*Inputs!$C$5/Inputs!$C$6) | C2: =SUMIF(Food!$A$2:$A$201,$A2,Food!$G$2:$G$201)/Inputs!$C$2*(Inputs!$C$4*Inputs!$C$5/Inputs!$C$6) | D2: =N(Water_Air!C2)/1000*Inputs!$C$9*(Inputs!$C$4*Inputs!$C$5/Inputs!$C$6) | E2: =IF(N(INDEX(TRV!$B$2:$B$9,MATCH($A2,TRV!$A$2:$A$9,0)))>0,B2/INDEX(TRV!$B$2:$B$9,MATCH($A2,TRV!$A$2:$A$9,0)),"") | F2: =IF(N(INDEX(TRV!$C$2:$C$9,MATCH($A2,TRV!$A$2:$A$9,0)))>0,C2/INDEX(TRV!$C$2:$C$9,MATCH($A2,TRV!$A$2:$A$9,0)),"") | G2: =IF(N(INDEX(TRV!$D$2:$D$9,MATCH($A2,TRV!$A$2:$A$9,0)))>0,D2/INDEX(TRV!$D$2:$D$9,MATCH($A2,TRV!$A$2:$A$9,0)),"") | H2: =IF(COUNT(E2:G2)=0,"",SUM(E2:G2)) | I2: =IF(H2="","",N(E2)/H2) | J2: =IF(H2="","",N(F2)/H2) | K2: =IF(H2="","",N(G2)/H2) | L2: =N(Water_Air!C2)/1000*Inputs!$C$10/Inputs!$C$2*(Inputs!$C$4*Inputs!$C$5/Inputs!$C$6)*Inputs!$C$11 | M2: =IF(N(INDEX(TRV!$G$2:$G$9,MATCH($A2,TRV!$A$2:$A$9,0)))>0,INDEX(TRV!$G$2:$G$9,MATCH($A2,TRV!$A$2:$A$9,0))/(B2+C2+L2),"") | N2: =IF(N(INDEX(TRV!$I$2:$I$9,MATCH($A2,TRV!$A$2:$A$9,0)))>0,INDEX(TRV!$I$2:$I$9,MATCH($A2,TRV!$A$2:$A$9,0))/(B2+C2+L2),"") | O2: =(B2+C2)*(Inputs!$C$6/Inputs!$C$8)*N(INDEX(TRV!$E$2:$E$9,MATCH($A2,TRV!$A$2:$A$9,0))) | P2: =D2*(Inputs!$C$6/Inputs!$C$8)*N(INDEX(TRV!$F$2:$F$9,MATCH($A2,TRV!$A$2:$A$9,0))) | Q2: =O2+P2 | R2: =IF(N(INDEX(TRV!$B$2:$B$9,MATCH($A2,TRV!$A$2:$A$9,0)))>0,MIN(Inputs!$C$13,MAX(Inputs!$C$12,1-N(F2)-N(G2))),"") | S2: =IF(R2="","",INDEX(TRV!$B$2:$B$9,MATCH($A2,TRV!$A$2:$A$9,0))*Inputs!$C$2*R2/(Inputs!$C$3*(Inputs!$C$4*Inputs!$C$5/Inputs!$C$6))) | T2: =INDEX(TRV!$K$2:$K$9,MATCH($A2,TRV!$A$2:$A$9,0))
A3: =Water_Air!A3 | B3: =Water_Air!B3*Inputs!$C$3/Inputs!$C$2*(Inputs!$C$4*Inputs!$C$5/Inputs!$C$6) | C3: =SUMIF(Food!$A$2:$A$201,$A3,Food!$G$2:$G$201)/Inputs!$C$2*(Inputs!$C$4*Inputs!$C$5/Inputs!$C$6) | D3: =N(Water_Air!C3)/1000*Inputs!$C$9*(Inputs!$C$4*Inputs!$C$5/Inputs!$C$6) | E3: =IF(N(INDEX(TRV!$B$2:$B$9,MATCH($A3,TRV!$A$2:$A$9,0)))>0,B3/INDEX(TRV!$B$2:$B$9,MATCH($A3,TRV!$A$2:$A$9,0)),"") | F3: =IF(N(INDEX(TRV!$C$2:$C$9,MATCH($A3,TRV!$A$2:$A$9,0)))>0,C3/INDEX(TRV!$C$2:$C$9,MATCH($A3,TRV!$A$2:$A$9,0)),"") | G3: =IF(N(INDEX(TRV!$D$2:$D$9,MATCH($A3,TRV!$A$2:$A$9,0)))>0,D3/INDEX(TRV!$D$2:$D$9,MATCH($A3,TRV!$A$2:$A$9,0)),"") | H3: =IF(COUNT(E3:G3)=0,"",SUM(E3:G3)) | I3: =IF(H3="","",N(E3)/H3) | J3: =IF(H3="","",N(F3)/H3) | K3: =IF(H3="","",N(G3)/H3) | L3: =N(Water_Air!C3)/1000*Inputs!$C$10/Inputs!$C$2*(Inputs!$C$4*Inputs!$C$5/Inputs!$C$6)*Inputs!$C$11 | M3: =IF(N(INDEX(TRV!$G$2:$G$9,MATCH($A3,TRV!$A$2:$A$9,0)))>0,INDEX(TRV!$G$2:$G$9,MATCH($A3,TRV!$A$2:$A$9,0))/(B3+C3+L3),"") | N3: =IF(N(INDEX(TRV!$I$2:$I$9,MATCH($A3,TRV!$A$2:$A$9,0)))>0,INDEX(TRV!$I$2:$I$9,MATCH($A3,TRV!$A$2:$A$9,0))/(B3+C3+L3),"") | O3: =(B3+C3)*(Inputs!$C$6/Inputs!$C$8)*N(INDEX(TRV!$E$2:$E$9,MATCH($A3,TRV!$A$2:$A$9,0))) | P3: =D3*(Inputs!$C$6/Inputs!$C$8)*N(INDEX(TRV!$F$2:$F$9,MATCH($A3,TRV!$A$2:$A$9,0))) | Q3: =O3+P3 | R3: =IF(N(INDEX(TRV!$B$2:$B$9,MATCH($A3,TRV!$A$2:$A$9,0)))>0,MIN(Inputs!$C$13,MAX(Inputs!$C$12,1-N(F3)-N(G3))),"") | S3: =IF(R3="","",INDEX(TRV!$B$2:$B$9,MATCH($A3,TRV!$A$2:$A$9,0))*Inputs!$C$2*R3/(Inputs!$C$3*(Inputs!$C$4*Inputs!$C$5/Inputs!$C$6))) | T3: =INDEX(TRV!$K$2:$K$9,MATCH($A3,TRV!$A$2:$A$9,0))
A4: =Water_Air!A4 | B4: =Water_Air!B4*Inputs!$C$3/Inputs!$C$2*(Inputs!$C$4*Inputs!$C$5/Inputs!$C$6) | C4: =SUMIF(Food!$A$2:$A$201,$A4,Food!$G$2:$G$201)/Inputs!$C$2*(Inputs!$C$4*Inputs!$C$5/Inputs!$C$6) | D4: =N(Water_Air!C4)/1000*Inputs!$C$9*(Inputs!$C$4*Inputs!$C$5/Inputs!$C$6) | E4: =IF(N(INDEX(TRV!$B$2:$B$9,MATCH($A4,TRV!$A$2:$A$9,0)))>0,B4/INDEX(TRV!$B$2:$B$9,MATCH($A4,TRV!$A$2:$A$9,0)),"") | F4: =IF(N(INDEX(TRV!$C$2:$C$9,MATCH($A4,TRV!$A$2:$A$9,0)))>0,C4/INDEX(TRV!$C$2:$C$9,MATCH($A4,TRV!$A$2:$A$9,0)),"") | G4: =IF(N(INDEX(TRV!$D$2:$D$9,MATCH($A4,TRV!$A$2:$A$9,0)))>0,D4/INDEX(TRV!$D$2:$D$9,MATCH($A4,TRV!$A$2:$A$9,0)),"") | H4: =IF(COUNT(E4:G4)=0,"",SUM(E4:G4)) | I4: =IF(H4="","",N(E4)/H4) | J4: =IF(H4="","",N(F4)/H4) | K4: =IF(H4="","",N(G4)/H4) | L4: =N(Water_Air!C4)/1000*Inputs!$C$10/Inputs!$C$2*(Inputs!$C$4*Inputs!$C$5/Inputs!$C$6)*Inputs!$C$11 | M4: =IF(N(INDEX(TRV!$G$2:$G$9,MATCH($A4,TRV!$A$2:$A$9,0)))>0,INDEX(TRV!$G$2:$G$9,MATCH($A4,TRV!$A$2:$A$9,0))/(B4+C4+L4),"") | N4: =IF(N(INDEX(TRV!$I$2:$I$9,MATCH($A4,TRV!$A$2:$A$9,0)))>0,INDEX(TRV!$I$2:$I$9,MATCH($A4,TRV!$A$2:$A$9,0))/(B4+C4+L4),"") | O4: =(B4+C4)*(Inputs!$C$6/Inputs!$C$8)*N(INDEX(TRV!$E$2:$E$9,MATCH($A4,TRV!$A$2:$A$9,0))) | P4: =D4*(Inputs!$C$6/Inputs!$C$8)*N(INDEX(TRV!$F$2:$F$9,MATCH($A4,TRV!$A$2:$A$9,0))) | Q4: =O4+P4 | R4: =IF(N(INDEX(TRV!$B$2:$B$9,MATCH($A4,TRV!$A$2:$A$9,0)))>0,MIN(Inputs!$C$13,MAX(Inputs!$C$12,1-N(F4)-N(G4))),"") | S4: =IF(R4="","",INDEX(TRV!$B$2:$B$9,MATCH($A4,TRV!$A$2:$A$9,0))*Inputs!$C$2*R4/(Inputs!$C$3*(Inputs!$C$4*Inputs!$C$5/Inputs!$C$6))) | T4: =INDEX(TRV!$K$2:$K$9,MATCH($A4,TRV!$A$2:$A$9,0))
A5: =Water_Air!A5 | B5: =Water_Air!B5*Inputs!$C$3/Inputs!$C$2*(Inputs!$C$4*Inputs!$C$5/Inputs!$C$6) | C5: =SUMIF(Food!$A$2:$A$201,$A5,Food!$G$2:$G$201)/Inputs!$C$2*(Inputs!$C$4*Inputs!$C$5/Inputs!$C$6) | D5: =N(Water_Air!C5)/1000*Inputs!$C$9*(Inputs!$C$4*Inputs!$C$5/Inputs!$C$6) | E5: =IF(N(INDEX(TRV!$B$2:$B$9,MATCH($A5,TRV!$A$2:$A$9,0)))>0,B5/INDEX(TRV!$B$2:$B$9,MATCH($A5,TRV!$A$2:$A$9,0)),"") | F5: =IF(N(INDEX(TRV!$C$2:$C$9,MATCH($A5,TRV!$A$2:$A$9,0)))>0,C5/INDEX(TRV!$C$2:$C$9,MATCH($A5,TRV!$A$2:$A$9,0)),"") | G5: =IF(N(INDEX(TRV!$D$2:$D$9,MATCH($A5,TRV!$A$2:$A$9,0)))>0,D5/INDEX(TRV!$D$2:$D$9,MATCH($A5,TRV!$A$2:$A$9,0)),"") | H5: =IF(COUNT(E5:G5)=0,"",SUM(E5:G5)) | I5: =IF(H5="","",N(E5)/H5) | J5: =IF(H5="","",N(F5)/H5) | K5: =IF(H5="","",N(G5)/H5) | L5: =N(Water_Air!C5)/1000*Inputs!$C$10/Inputs!$C$2*(Inputs!$C$4*Inputs!$C$5/Inputs!$C$6)*Inputs!$C$11 | M5: =IF(N(INDEX(TRV!$G$2:$G$9,MATCH($A5,TRV!$A$2:$A$9,0)))>0,INDEX(TRV!$G$2:$G$9,MATCH($A5,TRV!$A$2:$A$9,0))/(B5+C5+L5),"") | N5: =IF(N(INDEX(TRV!$I$2:$I$9,MATCH($A5,TRV!$A$2:$A$9,0)))>0,INDEX(TRV!$I$2:$I$9,MATCH($A5,TRV!$A$2:$A$9,0))/(B5+C5+L5),"") | O5: =(B5+C5)*(Inputs!$C$6/Inputs!$C$8)*N(INDEX(TRV!$E$2:$E$9,MATCH($A5,TRV!$A$2:$A$9,0))) | P5: =D5*(Inputs!$C$6/Inputs!$C$8)*N(INDEX(TRV!$F$2:$F$9,MATCH($A5,TRV!$A$2:$A$9,0))) | Q5: =O5+P5 | R5: =IF(N(INDEX(TRV!$B$2:$B$9,MATCH($A5,TRV!$A$2:$A$9,0)))>0,MIN(Inputs!$C$13,MAX(Inputs!$C$12,1-N(F5)-N(G5))),"") | S5: =IF(R5="","",INDEX(TRV!$B$2:$B$9,MATCH($A5,TRV!$A$2:$A$9,0))*Inputs!$C$2*R5/(Inputs!$C$3*(Inputs!$C$4*Inputs!$C$5/Inputs!$C$6))) | T5: =INDEX(TRV!$K$2:$K$9,MATCH($A5,TRV!$A$2:$A$9,0))
A6: =Water_Air!A6 | B6: =Water_Air!B6*Inputs!$C$3/Inputs!$C$2*(Inputs!$C$4*Inputs!$C$5/Inputs!$C$6) | C6: =SUMIF(Food!$A$2:$A$201,$A6,Food!$G$2:$G$201)/Inputs!$C$2*(Inputs!$C$4*Inputs!$C$5/Inputs!$C$6) | D6: =N(Water_Air!C6)/1000*Inputs!$C$9*(Inputs!$C$4*Inputs!$C$5/Inputs!$C$6) | E6: =IF(N(INDEX(TRV!$B$2:$B$9,MATCH($A6,TRV!$A$2:$A$9,0)))>0,B6/INDEX(TRV!$B$2:$B$9,MATCH($A6,TRV!$A$2:$A$9,0)),"") | F6: =IF(N(INDEX(TRV!$C$2:$C$9,MATCH($A6,TRV!$A$2:$A$9,0)))>0,C6/INDEX(TRV!$C$2:$C$9,MATCH($A6,TRV!$A$2:$A$9,0)),"") | G6: =IF(N(INDEX(TRV!$D$2:$D$9,MATCH($A6,TRV!$A$2:$A$9,0)))>0,D6/INDEX(TRV!$D$2:$D$9,MATCH($A6,TRV!$A$2:$A$9,0)),"") | H6: =IF(COUNT(E6:G6)=0,"",SUM(E6:G6)) | I6: =IF(H6="","",N(E6)/H6) | J6: =IF(H6="","",N(F6)/H6) | K6: =IF(H6="","",N(G6)/H6) | L6: =N(Water_Air!C6)/1000*Inputs!$C$10/Inputs!$C$2*(Inputs!$C$4*Inputs!$C$5/Inputs!$C$6)*Inputs!$C$11 | M6: =IF(N(INDEX(TRV!$G$2:$G$9,MATCH($A6,TRV!$A$2:$A$9,0)))>0,INDEX(TRV!$G$2:$G$9,MATCH($A6,TRV!$A$2:$A$9,0))/(B6+C6+L6),"") | N6: =IF(N(INDEX(TRV!$I$2:$I$9,MATCH($A6,TRV!$A$2:$A$9,0)))>0,INDEX(TRV!$I$2:$I$9,MATCH($A6,TRV!$A$2:$A$9,0))/(B6+C6+L6),"") | O6: =(B6+C6)*(Inputs!$C$6/Inputs!$C$8)*N(INDEX(TRV!$E$2:$E$9,MATCH($A6,TRV!$A$2:$A$9,0))) | P6: =D6*(Inputs!$C$6/Inputs!$C$8)*N(INDEX(TRV!$F$2:$F$9,MATCH($A6,TRV!$A$2:$A$9,0))) | Q6: =O6+P6 | R6: =IF(N(INDEX(TRV!$B$2:$B$9,MATCH($A6,TRV!$A$2:$A$9,0)))>0,MIN(Inputs!$C$13,MAX(Inputs!$C$12,1-N(F6)-N(G6))),"") | S6: =IF(R6="","",INDEX(TRV!$B$2:$B$9,MATCH($A6,TRV!$A$2:$A$9,0))*Inputs!$C$2*R6/(Inputs!$C$3*(Inputs!$C$4*Inputs!$C$5/Inputs!$C$6))) | T6: =INDEX(TRV!$K$2:$K$9,MATCH($A6,TRV!$A$2:$A$9,0))
A7: =Water_Air!A7 | B7: =Water_Air!B7*Inputs!$C$3/Inputs!$C$2*(Inputs!$C$4*Inputs!$C$5/Inputs!$C$6) | C7: =SUMIF(Food!$A$2:$A$201,$A7,Food!$G$2:$G$201)/Inputs!$C$2*(Inputs!$C$4*Inputs!$C$5/Inputs!$C$6) | D7: =N(Water_Air!C7)/1000*Inputs!$C$9*(Inputs!$C$4*Inputs!$C$5/Inputs!$C$6) | E7: =IF(N(INDEX(TRV!$B$2:$B$9,MATCH($A7,TRV!$A$2:$A$9,0)))>0,B7/INDEX(TRV!$B$2:$B$9,MATCH($A7,TRV!$A$2:$A$9,0)),"") | F7: =IF(N(INDEX(TRV!$C$2:$C$9,MATCH($A7,TRV!$A$2:$A$9,0)))>0,C7/INDEX(TRV!$C$2:$C$9,MATCH($A7,TRV!$A$2:$A$9,0)),"") | G7: =IF(N(INDEX(TRV!$D$2:$D$9,MATCH($A7,TRV!$A$2:$A$9,0)))>0,D7/INDEX(TRV!$D$2:$D$9,MATCH($A7,TRV!$A$2:$A$9,0)),"") | H7: =IF(COUNT(E7:G7)=0,"",SUM(E7:G7)) | I7: =IF(H7="","",N(E7)/H7) | J7: =IF(H7="","",N(F7)/H7) | K7: =IF(H7="","",N(G7)/H7) | L7: =N(Water_Air!C7)/1000*Inputs!$C$10/Inputs!$C$2*(Inputs!$C$4*Inputs!$C$5/Inputs!$C$6)*Inputs!$C$11 | M7: =IF(N(INDEX(TRV!$G$2:$G$9,MATCH($A7,TRV!$A$2:$A$9,0)))>0,INDEX(TRV!$G$2:$G$9,MATCH($A7,TRV!$A$2:$A$9,0))/(B7+C7+L7),"") | N7: =IF(N(INDEX(TRV!$I$2:$I$9,MATCH($A7,TRV!$A$2:$A$9,0)))>0,INDEX(TRV!$I$2:$I$9,MATCH($A7,TRV!$A$2:$A$9,0))/(B7+C7+L7),"") | O7: =(B7+C7)*(Inputs!$C$6/Inputs!$C$8)*N(INDEX(TRV!$E$2:$E$9,MATCH($A7,TRV!$A$2:$A$9,0))) | P7: =D7*(Inputs!$C$6/Inputs!$C$8)*N(INDEX(TRV!$F$2:$F$9,MATCH($A7,TRV!$A$2:$A$9,0))) | Q7: =O7+P7 | R7: =IF(N(INDEX(TRV!$B$2:$B$9,MATCH($A7,TRV!$A$2:$A$9,0)))>0,MIN(Inputs!$C$13,MAX(Inputs!$C$12,1-N(F7)-N(G7))),"") | S7: =IF(R7="","",INDEX(TRV!$B$2:$B$9,MATCH($A7,TRV!$A$2:$A$9,0))*Inputs!$C$2*R7/(Inputs!$C$3*(Inputs!$C$4*Inputs!$C$5/Inputs!$C$6))) | T7: =INDEX(TRV!$K$2:$K$9,MATCH($A7,TRV!$A$2:$A$9,0))
A10: Cumulative screening HI (all threshold metals, Cr counted once as CrVI): | H10: =SUMPRODUCT((A2:A7<>"CrIII")*N(+H2:H7))
A11: Target-organ HI (kidney): | H11: =SUMIF(T2:T7,"kidney",H2:H7)
A13: Read HI for threshold metals; MOE for Pb and iAs (concern if <= 1); ILCR acceptable range 1E-6 to 1E-4. Shares = empirical source contribution f_m (Eq. 8). C*_w = context-specific drinking-water value (Eq. 9).
